﻿Designator,Quantity,Value,Footprint,Package,MPN,DNP,Mount_Type,Description,Name,Manufacturer,Reference-prefix,Sim.Device,Sim.Pins
"C1, C10, C11, C12, C13, C14, C15, C16, C17, C18, C2, C25, C26, C29, C3, C4, C5, C6, C7, C8, C9",21,100n,C_0805_2012Metric,,0402X104M160CT,,smt,16V 100nF X5R ±20% 0402  Multilayer Ceramic Capacitors MLCC - SMD/SMT ROHS,cap,WALSIN,C,,
"C19, C20, C21, C22, C23, C24",6,22u/10V,CP_Radial_Tantal_D4.5mm_P2.50mm,,,,tht,"Polarized capacitor, small symbol",,,,,
C30,1,33u/10V,CP_Radial_Tantal_D4.5mm_P2.50mm,,,,tht,"Polarized capacitor, small symbol",,,,,
C31,1,100n,C_0805_2012Metric,,,,smt,"Unpolarized capacitor, small symbol",,,,,
D1,1,LL4148,D_MiniMELF,,LL4148,,smt,"Diode, small symbol",D1,MDD（Microdiode Electronics）,D,D,1=K 2=A
F1,1,1A,Fuse_1206_3216Metric_Pad1.42x1.75mm_HandSolder,,,,smt,"Resettable fuse, polymeric positive temperature coefficient, small symbol",,,,,
"FB1, FB2, FB3, FB4, FB5, FB6",6,BLM21HE122SN1L,L_0805_2012Metric,,,,smt,"Ferrite bead, small symbol",,,,,
J1,1,PM254-1-03-W-8.5,PinHeader_1x03_P2.54mm_Horizontal,,PM254-1-03-W-8.5,,tht,"2.54mm Plugin 3A 3P -40℃~+105℃ Shrouded 1x3P side 8.5mm Square Holes Push-Pull,P=2.54mm  Female Headers ROHS",J3,HCTL,J,,
J3,1,DZ254W-11-03-65,PinHeader_1x03_P2.54mm_Horizontal,,DZ254W-11-03-65,,tht,"3A Shrouded Square Pins 2.54mm 3P 6mm 2.54mm Plugin 1x3P Push-Pull,P=2.54mm  Pin Headers ROHS",J4,DEALON,J,,
J4,1,Conn_02x09_Odd_Even,PinHeader_2x09_P2.54mm_Horizontal,,,,tht,"Generic connector, double row, 02x09, odd/even pin numbering scheme (row 1 odd numbers, row 2 even numbers), script generated (kicad-library-utils/schlib/autogen/connector/)",,,,,
J5,1,Conn_02x14_Odd_Even,PinHeader_2x14_P2.54mm_Horizontal,,,,tht,"Generic connector, double row, 02x14, odd/even pin numbering scheme (row 1 odd numbers, row 2 even numbers), script generated (kicad-library-utils/schlib/autogen/connector/)",,,,,
R1,1,100K,R_0805_2012Metric,,CRCW0402100KFKEE,,smt,RES SMD 100K OHM 1% 1/16W 0402,r2,VISHAY,R,,
R2,1,8K2,R_0805_2012Metric,,CR0402AJW-822GLF,,smt,RESISTOR AEC -Q200,r1,BOURNS,R,,
SW1,1,XKB Connection SS15E01L5,XKB Connection SS15E01L5,,,,smt,SP5T,,,,,
U1,1,TXU0104PWR,TSSOP_14_L5_0_W4_4_P0_65_LS6_4_BL_5,,TXU0104PWR,,tht,1.08V~5.5V 4 200Mbps 1.08V~5.5V TSSOP-14  Translators / Level Shifters ROHS,shifter,Texas Instruments,U,,
U11,1,AMS1117-1.8,SOT-223-3_TabPin2,,,,smt,"1A Low Dropout regulator, positive, 1.8V fixed output, SOT-223",,,,,
U12,1,AMS1117-2.5,SOT-223-3_TabPin2,,,,smt,"1A Low Dropout regulator, positive, 2.5V fixed output, SOT-223",,,,,
U13,1,AMS1117-3.3,SOT-223-3_TabPin2,,,,smt,"1A Low Dropout regulator, positive, 3.3V fixed output, SOT-223",,,,,
U2,1,TXU0104PWR,TSSOP_14_L5_0_W4_4_P0_65_LS6_4_BL_4,,TXU0104PWR,,tht,1.08V~5.5V 4 200Mbps 1.08V~5.5V TSSOP-14  Translators / Level Shifters ROHS,shifter,Texas Instruments,U,,
U3,1,TXU0104PWR,TSSOP_14_L5_0_W4_4_P0_65_LS6_4_BL,,TXU0104PWR,,tht,1.08V~5.5V 4 200Mbps 1.08V~5.5V TSSOP-14  Translators / Level Shifters ROHS,shifter,Texas Instruments,U,,
U4,1,TXU0104PWR,TSSOP_14_L5_0_W4_4_P0_65_LS6_4_BL_3,,TXU0104PWR,,tht,1.08V~5.5V 4 200Mbps 1.08V~5.5V TSSOP-14  Translators / Level Shifters ROHS,shifter,Texas Instruments,U,,
U5,1,TXU0104PWR,TSSOP_14_L5_0_W4_4_P0_65_LS6_4_BL_1,,TXU0104PWR,,tht,1.08V~5.5V 4 200Mbps 1.08V~5.5V TSSOP-14  Translators / Level Shifters ROHS,shifter,Texas Instruments,U,,
U6,1,TXU0104PWR,TSSOP_14_L5_0_W4_4_P0_65_LS6_4_BL_2,,TXU0104PWR,,tht,1.08V~5.5V 4 200Mbps 1.08V~5.5V TSSOP-14  Translators / Level Shifters ROHS,shifter,Texas Instruments,U,,
U7,1,PICO,COMM_SMD_L51_0_W21_0_P2_54_SC0916,,PICO,,tht,-  Raspberry Pi ROHS,U7,Raspberry Pi,U,,
