﻿pos_x,pos_y,rotation,side,designator,mpn,pack,footprint,value,mount_type
123.0,-100.58,0.0,top,C1,0402X104M160CT,,C_0805_2012Metric,100n,smt
127.5,-108.12,0.0,top,C10,0402X104M160CT,,C_0805_2012Metric,100n,smt
127.5,-123.9,0.0,top,C11,0402X104M160CT,,C_0805_2012Metric,100n,smt
127.5,-115.89,0.0,top,C12,0402X104M160CT,,C_0805_2012Metric,100n,smt
128.24,-69.19,-90.0,top,C13,0402X104M160CT,,C_0805_2012Metric,100n,smt
124.42,-70.43,180.0,top,C14,0402X104M160CT,,C_0805_2012Metric,100n,smt
141.99,-70.42,180.0,top,C15,0402X104M160CT,,C_0805_2012Metric,100n,smt
137.36,-70.46,0.0,top,C16,0402X104M160CT,,C_0805_2012Metric,100n,smt
143.68,-81.08,180.0,top,C17,0402X104M160CT,,C_0805_2012Metric,100n,smt
134.3,-85.23,180.0,top,C18,0402X104M160CT,,C_0805_2012Metric,100n,smt
140.05,-83.208856,90.0,top,C19,,,CP_Radial_Tantal_D4.5mm_P2.50mm,22u/10V,tht
122.99,-108.14,0.0,top,C2,0402X104M160CT,,C_0805_2012Metric,100n,smt
128.641144,-89.38,0.0,top,C20,,,CP_Radial_Tantal_D4.5mm_P2.50mm,22u/10V,tht
132.64,-73.358856,90.0,top,C21,,,CP_Radial_Tantal_D4.5mm_P2.50mm,22u/10V,tht
129.52,-66.148856,90.0,top,C22,,,CP_Radial_Tantal_D4.5mm_P2.50mm,22u/10V,tht
121.45,-72.18,180.0,top,C23,,,CP_Radial_Tantal_D4.5mm_P2.50mm,22u/10V,tht
140.96,-72.731144,-90.0,top,C24,,,CP_Radial_Tantal_D4.5mm_P2.50mm,22u/10V,tht
127.5,-93.07,0.0,top,C25,0402X104M160CT,,C_0805_2012Metric,100n,smt
122.15,-86.68,90.0,top,C26,0402X104M160CT,,C_0805_2012Metric,100n,smt
160.89,-85.29,0.0,top,C29,0402X104M160CT,,C_0805_2012Metric,100n,smt
123.0,-115.89,0.0,top,C3,0402X104M160CT,,C_0805_2012Metric,100n,smt
161.78,-82.998856,90.0,top,C30,,,CP_Radial_Tantal_D4.5mm_P2.50mm,33u/10V,tht
123.0,-93.07,0.0,top,C31,,,C_0805_2012Metric,100n,smt
123.0,-131.9085,0.0,top,C4,0402X104M160CT,,C_0805_2012Metric,100n,smt
137.89,-84.04,-90.0,top,C5,0402X104M160CT,,C_0805_2012Metric,100n,smt
123.0,-123.94,0.0,top,C6,0402X104M160CT,,C_0805_2012Metric,100n,smt
127.5,-139.62,0.0,top,C7,0402X104M160CT,,C_0805_2012Metric,100n,smt
127.5,-131.85,0.0,top,C8,0402X104M160CT,,C_0805_2012Metric,100n,smt
127.5,-100.59,0.0,top,C9,0402X104M160CT,,C_0805_2012Metric,100n,smt
124.78,-57.86,0.0,top,D1,LL4148,,D_MiniMELF,LL4148,smt
156.77,-83.07,180.0,top,F1,,,Fuse_1206_3216Metric_Pad1.42x1.75mm_HandSolder,1A,smt
119.4,-85.78,180.0,top,FB1,,,L_0805_2012Metric,BLM21HE122SN1L,smt
119.37,-83.25,180.0,top,FB2,,,L_0805_2012Metric,BLM21HE122SN1L,smt
119.4,-80.68,180.0,top,FB3,,,L_0805_2012Metric,BLM21HE122SN1L,smt
143.73,-83.0,180.0,top,FB4,,,L_0805_2012Metric,BLM21HE122SN1L,smt
119.63,-92.32,90.0,top,FB5,,,L_0805_2012Metric,BLM21HE122SN1L,smt
123.87,-89.99,90.0,top,FB6,,,L_0805_2012Metric,BLM21HE122SN1L,smt
121.38,-55.0,90.0,top,J1,PM254-1-03-W-8.5,,PinHeader_1x03_P2.54mm_Horizontal,PM254-1-03-W-8.5,tht
137.38,-55.0,90.0,top,J3,DZ254W-11-03-65,,PinHeader_1x03_P2.54mm_Horizontal,DZ254W-11-03-65,tht
115.48,-95.92,180.0,top,J4,,,PinHeader_2x09_P2.54mm_Horizontal,Conn_02x09_Odd_Even,tht
115.54,-134.435,180.0,top,J5,,,PinHeader_2x14_P2.54mm_Horizontal,Conn_02x14_Odd_Even,tht
120.41,-58.47,90.0,top,R1,CRCW0402100KFKEE,,R_0805_2012Metric,100K,smt
128.89,-58.41,-90.0,top,R2,CR0402AJW-822GLF,,R_0805_2012Metric,8K2,smt
106.63,-60.25,90.0,top,SW1,,,XKB Connection SS15E01L5,XKB Connection SS15E01L5,smt
125.41,-96.78,-90.0,top,U1,TXU0104PWR,,TSSOP_14_L5_0_W4_4_P0_65_LS6_4_BL_5,TXU0104PWR,tht
123.27,-65.0,90.0,top,U11,,,SOT-223-3_TabPin2,AMS1117-1.8,smt
138.65,-65.0,90.0,top,U12,,,SOT-223-3_TabPin2,AMS1117-2.5,smt
133.2175,-79.72,90.0,top,U13,,,SOT-223-3_TabPin2,AMS1117-3.3,smt
125.348,-135.9615,-90.0,top,U2,TXU0104PWR,,TSSOP_14_L5_0_W4_4_P0_65_LS6_4_BL_4,TXU0104PWR,tht
125.328,-127.8815,-90.0,top,U3,TXU0104PWR,,TSSOP_14_L5_0_W4_4_P0_65_LS6_4_BL,TXU0104PWR,tht
125.39,-104.26,-90.0,top,U4,TXU0104PWR,,TSSOP_14_L5_0_W4_4_P0_65_LS6_4_BL_3,TXU0104PWR,tht
125.3,-119.79,-90.0,top,U5,TXU0104PWR,,TSSOP_14_L5_0_W4_4_P0_65_LS6_4_BL_1,TXU0104PWR,tht
125.33,-111.92,-90.0,top,U6,TXU0104PWR,,TSSOP_14_L5_0_W4_4_P0_65_LS6_4_BL_2,TXU0104PWR,tht
150.5125,-112.69,-90.0,top,U7,PICO,,COMM_SMD_L51_0_W21_0_P2_54_SC0916,PICO,tht
